{"cameraMode":{"drawMode":0,"name":"Shaded","section":"Shading Mode"},"sceneLighting":true,"audioPlay":false,"sceneViewState":{"showFog":true,"showMaterialUpdate":false,"showSkybox":true,"showFlares":true,"showImageEffects":true,"showParticleSystems":true},"in2DMode":false,"pivot":{"x":4.328178882598877,"y":-2.545710563659668,"z":-6.586642265319824},"rotation":{"x":-0.0014762117061764002,"y":0.9125847816467285,"z":-0.40887168049812319,"w":-0.0032928858418017627},"size":20.936674118041993,"orthographic":false}