{"cameraMode":{"drawMode":0,"name":"Shaded","section":"Shading Mode"},"sceneLighting":true,"audioPlay":false,"sceneViewState":{"showFog":true,"showMaterialUpdate":false,"showSkybox":true,"showFlares":true,"showImageEffects":true,"showParticleSystems":true},"in2DMode":false,"pivot":{"x":1.641850471496582,"y":0.8138985633850098,"z":1.6668293476104737},"rotation":{"x":0.26157480478286745,"y":-0.7267889976501465,"z":0.5186553001403809,"w":0.3665420114994049},"size":13.39675235748291,"orthographic":false}