{"cameraMode":{"drawMode":0,"name":"Shaded","section":"Shading Mode"},"sceneLighting":true,"audioPlay":false,"sceneViewState":{"showFog":true,"showMaterialUpdate":false,"showSkybox":true,"showFlares":true,"showImageEffects":true,"showParticleSystems":true},"in2DMode":false,"pivot":{"x":-1.3605555295944214,"y":-0.1658935546875,"z":1.6764670610427857},"rotation":{"x":0.00704049551859498,"y":-0.7417880892753601,"z":0.6705521941184998,"w":0.007788705639541149},"size":14.132076263427735,"orthographic":false}