{"cameraMode":{"drawMode":0,"name":"Shaded","section":"Shading Mode"},"sceneLighting":true,"audioPlay":false,"sceneViewState":{"showFog":true,"showMaterialUpdate":false,"showSkybox":true,"showFlares":true,"showImageEffects":true,"showParticleSystems":true},"in2DMode":false,"pivot":{"x":1.3728746175765992,"y":5.666145324707031,"z":47.8656120300293},"rotation":{"x":-0.5446083545684815,"y":0.013322549872100354,"z":-0.008656361140310765,"w":-0.8385400176048279},"size":12.540882110595704,"orthographic":false}